Investor_Name,Type,Locations,Check_Size_Min,Check_Size_Max,Stage,Requirements,Industries,Website,Logo_URL
gAI Ventures,Startup studio,"USA, India",100000,100000,1. Idea or Patent,We incubate vertical AI products with domain experts in financial services and insurance (FSI)...,,https://www.openvc.app/fund/gAI%20Ventures,https://www.openvc.app/images/funds/recPYbjMSLZ9j1qwP.jpg
Colin Weston,Solo angel,"Switzerland, UK",10000,50000,"2. Prototype, 3. Early Revenue+1","I invest in fintech, regtech, legaltech, proptech",,https://www.openvc.app/fund/Colin%20Weston,https://www.openvc.app/images/funds/recJBoUbSuaEAbz1C.jpg
Underline Ventures,VC firm,"Albania, Belarus+18",200000,1000000,"1. Idea or Patent, 2. Prototype+1",We invest in Eastern European founders building high-growth startups with global ambitions. We are...,,https://www.openvc.app/fund/Underline%20Ventures,https://www.openvc.app/images/funds/recjJ6VPbaQmUo6pB.jpg
Curiosity VC,VC firm,"Belgium, Denmark+8",500000,1000000,"3. Early Revenue, 4. Scaling","We invest in B2B software with a focus on applications of AI in Fintech, Proptech, Legaltech, Enterprise Software,...",,https://www.openvc.app/fund/Curiosity%20VC,https://www.openvc.app/images/funds/rec3gd1aG2ZZHO8iI.jpg
BH3 Growth Equity,PE fund,"USA, Canada",5000000,30000000,"4. Scaling, 5. Growth+2","We invest in proptech, construction technology, sustainable building materials, modular construction, property...",,https://www.openvc.app/fund/BH3%20Growth%20Equity,https://www.openvc.app/images/funds/receFC1tdaYtHgb7L.jpg
Turenne Santé,PE fund,"France, Switzerland+4",1000000,3000000,"3. Early Revenue, 4. Scaling+1","We invest in Medtech, e-health, Software, service, CDMO/CRO innovationm, health. Early revenue/growth, non...",,https://www.openvc.app/fund/Turenne%20Sant%C3%A9,https://www.openvc.app/images/funds/recjglKYu9C3C0W3c.jpg
UCEA Capital Partners,Family office,"USA, UK+4",100000,1000000,"3. Early Revenue, 4. Scaling+1","We invest in sports, real estate, technology, renewable energy and healthcare",,https://www.openvc.app/fund/UCEA%20Capital%20Partners,https://www.openvc.app/images/funds/reckaDDrRm6LuzGKh.jpg
Abac Nest Ventures,VC firm,Spain,150000,500000,"1. Idea or Patent, 2. Prototype+1",We invest in outlier entrepreneurs building B2S SaaS solutions to transform the SME industry across Southern...,,https://www.openvc.app/fund/Abac%20Nest%20Ventures,https://www.openvc.app/images/funds/rec2Q9z60OgvA883Y.jpg
Team8,VC firm,Israel,1000000,20000000,"1. Idea or Patent, 2. Prototype+2","We invest in, Cyber, FinTech, Enterprise Applications, Infrastructure & DevOps",,https://www.openvc.app/fund/Team8,https://www.openvc.app/images/funds/recBs6XhJsM1Fy0YE.jpg
Skilltor Tech Venture ...,Startup studio,"Zimbabwe, Afghanistan+16",500000,1000000,"1. Idea or Patent, 2. Prototype+4","We invest in Web3, AI, Digital Trust, Infrastructure Software, Saas, Marketplace and Gaming startups with in a MVP...",,https://www.openvc.app/fund/Skilltor%20Tech%20Venture%20Studio,https://www.openvc.app/images/funds/recrJ9bxGwah1RCla.jpg
BDev Ventures,VC firm,"Brazil, Canada+4",50000,3000000,"3. Early Revenue, 4. Scaling+1",We invest in B2B businesses that target large markets in terms of contacts and have moved beyond founder-led sales. We...,,https://www.openvc.app/fund/BDev%20Ventures,https://www.openvc.app/images/funds/recwh2QmWF0hsoKGN.jpg
SET Ventures,VC firm,"Belgium, Denmark+15",1000000,6000000,"3. Early Revenue, 4. Scaling","We invest in their early growth stage and must have a strong digital DNA, building a solution for the energy system...",,https://www.openvc.app/fund/SET%20Ventures,https://www.openvc.app/images/funds/recqMfX8pl2UOsNC6.jpg
Via ID,Corporate VC,"Austria, Belgium+26",300000,5000000,3. Early Revenue,"We invest in European-based startups in the sustainable mobility (micromobility, electric vehicles, connected vehicles,...",,https://www.openvc.app/fund/Via%20ID,https://www.openvc.app/images/funds/recIN6myiB96exApd.jpg
HTGF High-Tech Gründe...,VC firm,"Austria, Belgium+9",300000,1000000,"2. Prototype, 3. Early Revenue","We invest in early-stage companies with focus on B2B SaaS models, but also look into other opportunities. The venture...",,https://www.openvc.app/fund/HTGF%20High-Tech%20Gr%C3%BCnderfonds,https://www.openvc.app/images/funds/rectoRcYjkV5yvPS2.jpg
Framework Venture Part...,VC firm,"Canada, USA",500000,10000000,4. Scaling,"We invest in Series A and B startups in Fintech, Insurtech, Vertical SaaS, and AI-powered platforms with B2B models and...",,https://www.openvc.app/fund/Framework%20Venture%20Partners,https://www.openvc.app/images/funds/recv435trqajHUmAD.jpg
NextUnicorn.Fund,VC firm,"USA, India",25000,500000,"1. Idea or Patent, 2. Prototype+3","We invest in AI & tech enabled StartUp's & industry agnostic. We are a high-conviction, tech-enabled Pre-seed /...",,https://www.openvc.app/fund/NextUnicorn.Fund,https://www.openvc.app/images/funds/rect9BIF8LR5UoYMJ.jpg
SpringTime Ventures,VC firm,USA,500000,700000,"2. Prototype, 3. Early Revenue","We invest in fintech, insurtech, healthcare, logistics & supply chain in the USA only. Founders must be in the US and...",,https://www.openvc.app/fund/SpringTime%20Ventures,https://www.openvc.app/images/funds/recZoZlkrEOGXLJY5.jpg
GoingVC Partners,VC firm,USA,50000,200000,"2. Prototype, 3. Early Revenue+1","We invest into companies in various stages, with the most compelling investments in early stages. Ideation drives...",,https://www.openvc.app/fund/GoingVC%20Partners,https://www.openvc.app/images/funds/recAHHfsVtBn6xjxY.jpg
Cambridge Innovation C...,VC firm,UK,1000000,10000000,"2. Prototype, 3. Early Revenue+2","We invest in all things deeptech: AI, robotics, quantum, software, fusion, cleantech. And in all things Life Sciences:...",,https://www.openvc.app/fund/Cambridge%20Innovation%20Capital,https://www.openvc.app/images/funds/recCe1xbKRJDKtnKP.jpg
Katha VC,VC firm,"Botswana, Kenya+23",100000,500000,"2. Prototype, 3. Early Revenue+2",We invest in Pre-Seed and Seed High Growth Markets Fintech. We also consider non-fintech companies where embedded...,,https://www.openvc.app/fund/Katha%20VC,https://www.openvc.app/images/funds/recPHuZihRMJFpLS6.jpg
